Roadster,KAWASAKI,Z750R,750;
Roadster,KAWASAKI,Z1000,1000;
Sportives,TRIUMPH,Sprint ST,1050;
Customs,HARLEY-DAVIDSON,Touring Road King Classic,1690;
Customs,HARLEY-DAVIDSON,Touring Street Glide,1690;
Customs,HARLEY-DAVIDSON,Touring Ultra Classic Electra Glide,1690;
Customs,HARLEY-DAVIDSON,Touring Road King Anniversary Edition,1690;
Trails,DUCATI,Multistrada 1200 S Pikes Peak,1198,4;
Trails,DUCATI,Multistrada S 1200 Touring,1198,4;
Trails,DUCATI,Multistrada 1200 S Granturismo,1198,4;
Trails,DUCATI,Multistrada 1200,1198,4;
Trails,SUZUKI,V Strom 1000,996;
Trails,SUZUKI,V Strom 1000,996;
Sportives,TRIUMPH,Sprint ST,1050;
Trails,SUZUKI,V Strom 1000 GT,996;
Trails,SUZUKI,V Strom 1000,996;
Trails,SUZUKI,V Strom 1000,996;
Roadster,SUZUKI,Gladius,645;
Trails,KAWASAKI,VERSYS 1000,1043;
Roadster,KAWASAKI,ER-6N,649;
Roadster,KAWASAKI,ER-6F,649;
Roadster,KAWASAKI,Z1000,1043;
Routieres,KAWASAKI,Z1000SX,1043;
Roadster,HONDA,CB 1100,1140;
Roadster,TRIUMPH,Street Triple R,675;
Customs,KAWASAKI,VN1700 Voyager Custom,1700;
Customs,KAWASAKI,VN 1700 Classic,1700;
Customs,KAWASAKI,VN 1700 Classic Tourer,1700;
Customs,KAWASAKI,VN1700 Voyager,1700;
Customs,KAWASAKI,W800,773;
Customs,KAWASAKI,VN 900 Classic,903;
Customs,KAWASAKI,VN 900 Custom,903;
Roadster,TRIUMPH,Street Triple,675;
Roadster,TRIUMPH,Street Triple R,675;
Routieres,TRIUMPH,Trophy 1200 SE,1215;
Roadster,TRIUMPH,Street Triple R,675;
Roadster,YAMAHA,XJ6,600;
Roadster,YAMAHA,XJ6 SP,600;
Roadster,YAMAHA,XJ6 Diversion,600;
Roadster,YAMAHA,XJ6 Diversion F,600;
Routieres,YAMAHA,FJR 1300 A,1298;
Routieres,YAMAHA,FJR 1300 AS,1298;
Sportives,YAMAHA,YZF R6,599;
Sportives,YAMAHA,YZF R1,998;
Routieres,YAMAHA,Fazer 8,779;
Routieres,YAMAHA,FZ8,779;
Roadster,BENELLI,TNT R 160,1131;
Roadster,YAMAHA,V-max,1679;
Roadster,YAMAHA,XJR 1300,1251;
Trails,YAMAHA,XT 660 X,660;
Concept,YAMAHA,Cage-six,600;
Trails,YAMAHA,XT 1200 Z Super Tenere,1199;
Trails,YAMAHA,XT 1200 Z Super Tenere World Crosser,1199;
Concept,YAMAHA,V-max By Ludovic Lazareth,1679;
Concept,YAMAHA,V-max By Marcus Walz,1679;
Concept,YAMAHA,V-max By Roland Sands,1679;
Roadster,DUCATI,Monster 1100 EVO,1078;
Roadster,BENELLI,TNT R 160,1131;
Roadster,DUCATI,Monster 1100 EVO Diesel,1078;
Roadster,DUCATI,Monster 696,696;
Roadster,DUCATI,Monster 796,803;
Customs,DUCATI,Diavel,1198,4;
Customs,DUCATI,Diavel Dark,1198,4;
Customs,DUCATI,Diavel Carbon,1198,4;
Roadster,DUCATI,Streetfighter 848,849;
Roadster,DUCATI,Streetfighter S,1099;
Sportives,DUCATI,848 EVO,849,4;
Sportives,DUCATI,848 EVO Corse SE,849,4;
Roadster,BENELLI,TNT Century 899 Racer,898;
Sportives,DUCATI,Panigale,1198;
Sportives,DUCATI,Panigale S,1198;
Sportives,DUCATI,Panigale S Tricolore,1198;
Sportives,BMW,HP4,1000;
Roadster,BMW,K 1300 R,1293;
Routieres,BMW,K 1600 GT,1649;
Routieres,BMW,K 1600 GTL,1649;
Roadster,BMW,R 1200 R,1170;
Sportives,BMW,S 1000 RR,999;
Trails,BMW,F 700 GS,798;
Roadster,BENELLI,TNT Century 1130 Racer,1131;
Trails,BMW,F 800 GS,798;
Roadster,BMW,F 800 R,798;
Customs,TRIUMPH,America,865;
Customs,TRIUMPH,Bonneville,865;
Customs,TRIUMPH,Bonneville T100,865;
Customs,TRIUMPH,ROCKET III ROADSTER,2294;
Customs,TRIUMPH,ROCKET III TOURING,2294;
Customs,TRIUMPH,Scrambler,865;
Roadster,TRIUMPH,Speed Triple 1050,1050;
Customs,TRIUMPH,Speedmaster,865;
Roadster,BENELLI,TNT Cafe 899 Racer,898;
Roadster,HONDA,CB 500 F,471;
Trails,HONDA,CB 500 X,471;
Sportives,HONDA,CBR 500 R,471;
Routieres,HONDA,Gold Wing F6B,1832;
Sportives,HONDA,CBR 600 RR,599;
Trails,KTM,1190 Adventure,1195;
Trails,KTM,1190 Adventure R,1195;
Trails,KTM,990 SM T,999;
Concept,KTM,1290 Super Duke R,1290;
Roadster,KTM,390 Duke,373,2;
Roadster,BENELLI,TNT Cafe 1130 Racer,1130;
Roadster,KTM,690 Duke,690;
Roadster,KTM,690 Duke R,690;
Roadster,KTM,990 Super Duke R,999;
Roadster,KTM,200 Duke,200;
Trails,KTM,450 SM R,449,3;
Trails,KTM,690 SMC R,690;
Trails,KTM,990 Supermoto R,999;
Sportives,KTM,1190 RC8 R,1195;
Roadster,MV-AGUSTA,Brutale 1090,1078;
Roadster,MV-AGUSTA,Brutale 1090 R,1078;
Trails,KAWASAKI,VERSYS,650;
Trails,BENELLI,Tre 899 K,898;
Roadster,MV-AGUSTA,Brutale 1090 RR,1078;
Roadster,MV-AGUSTA,Brutale 800,798;
Roadster,MV-AGUSTA,Rivale 800,798;
Sportives,MV-AGUSTA,F4,998;
Sportives,MV-AGUSTA,F4 R,998;
Sportives,MV-AGUSTA,F4 RR,998;
Sportives,SUZUKI,GSX-R 1000 One Million,999;
Sportives,SUZUKI,GSX-R 1000,999;
Sportives,SUZUKI,GSX-R 750,750;
Sportives,SUZUKI,GSX-R 600,599;
Trails,BENELLI,Tre 1130 K,1131;
Trails,BENELLI,Tre 1130 K Amazonas,1131;
Trails,BENELLI,Tre 1130 K,1131;
Customs,TRIUMPH,Thruxton,865;
Customs,TRIUMPH,Thunderbird,1597;
Customs,TRIUMPH,Thunderbird Storm,1699;
Trails,TRIUMPH,Tiger 800,800;
Trails,TRIUMPH,Tiger 800 XC,800;
Trails,TRIUMPH,Tiger Explorer,1215;
Sportives,TRIUMPH,Daytona 675,675;
Sportives,TRIUMPH,Daytona 675R,675;
Trails,BENELLI,Tre 1130 K Amazonas,1131;
Sportives,KAWASAKI,Ninja ZX-12 R,1199;
Sportives,KAWASAKI,Ninja ZX-12 R,1199;
Routieres,KAWASAKI,ZZR 1400,1352;
Routieres,KAWASAKI,ZZR 1400,1352;
Customs,KAWASAKI,W650,675;
Customs,KAWASAKI,VN 900 Classic,903;
Customs,KAWASAKI,VN 900 Classic,903;
Customs,KAWASAKI,VN 900 Custom,903;
Trails,KAWASAKI,KLE 500,498;
Routieres,HONDA,GL1500 SE Gold Wing,1520;
Customs,TRIUMPH,Scrambler,865;
Routieres,HONDA,GL1500 SE Gold Wing,1520;
Routieres,HONDA,GL1500 SE Gold Wing,1520;
Routieres,HONDA,GL1500 SE Gold Wing,1520;
Routieres,HONDA,GL1500 SE Gold Wing,1520;
Routieres,HONDA,GL1500 SE Gold Wing,1520;
Routieres,HONDA,GL1500 SE Gold Wing,1520;
Routieres,HONDA,GL1500 SE Gold Wing,1520;
Routieres,HONDA,GL1500 SE Gold Wing,1520;
Routieres,HONDA,GL1500 SE Gold Wing,1520;
Sportives,DUCATI,Panigale R,1198;
Customs,TRIUMPH,Scrambler,865;
Routieres,BMW,R 1200 RT,1170;
Routieres,BMW,R 1200 RT,1170;
Routieres,BMW,R 1200 RT,1170;
Routieres,BMW,R 1200 RT,1170;
Routieres,BMW,R 1200 RT,1170;
Routieres,BMW,F 800 ST,798;
Routieres,BMW,F 800 ST,798;
Routieres,DUCATI,Sportclassic GT 1000 Touring,992;
Roadster,DUCATI,Monster 695,695;
Roadster,DUCATI,Monster S2R 1000,992;
Sportives,TRIUMPH,Daytona 675,675;
Roadster,DUCATI,Monster S4R S Testastretta,998;
Roadster,DUCATI,Monster S4R Testastretta,998;
Trails,DUCATI,Multistrada 1100,1078;
Trails,DUCATI,Multistrada 1100 S,1078;
Routieres,DUCATI,Sportclassic GT 1000,992;
Routieres,DUCATI,Sportclassic Sport 1000 Biposto,992;
Routieres,DUCATI,Sportclassic Sport 1000 S,992;
Routieres,DUCATI,Sportclassic Sport 1000 Monoposto,992;
Sportives,DUCATI,Superbike 1098,1099;
Sportives,DUCATI,Superbike 1098 S,1099;
Sportives,TRIUMPH,Daytona 675R,675;
Roadster,DUCATI,Monster S2R 800,803;
Routieres,DUCATI,Sport Touring ST3,992;
Routieres,DUCATI,Sport Touring ST3 S,992;
Sportives,DUCATI,Superbike 1098 S Tricolore,1099;
Routieres,BMW,F 800 GT,798;
Routieres,BMW,R 1200 RT,1170;
Trails,BMW,R 1200 GS,1170;
Trails,BMW,R 1200 GS Adventure,1170;
Trails,HONDA,XL 700 V Transalp,680,2;
Roadster,HONDA,CB 600 F Hornet,599;
Customs,TRIUMPH,Bonneville T100,865;
Roadster,HONDA,CB 1000 R,998;
Sportives,HONDA,CBR 250 R,249,6;
Routieres,HONDA,GL 1800 Gold Wing,1832;
Routieres,HONDA,VFR 1200 F,1237;
Routieres,HONDA,VFR 1200 F Dual Clutch Transmission,1237;
Trails,HONDA,VFR 1200 X Crosstourer,1237;
Customs,HONDA,VT750 C2B Shadow,745;
Roadster,HONDA,NT 700 V Deauville,680;
Roadster,HONDA,NT 700 V Deauville,680;
Routieres,HONDA,ST 1300 Pan European,1261;
Customs,TRIUMPH,America,865;
Routieres,HONDA,ST 1300 Pan European,1261;
Sportives,HONDA,CBR 600 F,599;
Roadster,HONDA,NC700 S,670;
Roadster,HONDA,NC700 X,670;
Routieres,HONDA,VFR,782;
Roadster,HONDA,CBF 600 N,599,3;
Roadster,HONDA,CBF 600 N,599,3;
Trails,HONDA,VFR 800 X Crossrunner,782;
Sportives,HONDA,CBR 1000 RR Fireblade,999,8;
Roadster,MV-AGUSTA,Brutale 675,675;
Customs,TRIUMPH,Bonneville SE,865;
Sportives,MV-AGUSTA,F3 675,675;
Sportives,MV-AGUSTA,F4 ORO,750;
Sportives,MV-AGUSTA,F3 675 Série ORO,675;
Roadster,MV-AGUSTA,Brutale 990 R,998;
Roadster,MV-AGUSTA,Brutale 1090 RR,1078;
Roadster,MV-AGUSTA,Brutale 1090 RR Cannonball,1078;
Sportives,MV-AGUSTA,F4,998;
Sportives,MV-AGUSTA,F4 Frecce Tricolore,998;
Roadster,MV-AGUSTA,Brutale 750 S,749;
Sportives,MV-AGUSTA,F4 750 S,749;
Sportives,KAWASAKI,Ninja ZX-10R,1000;
Customs,TRIUMPH,Bonneville,865;
Sportives,MV-AGUSTA,F4 750 S 1+1,749;
Sportives,MV-AGUSTA,F4 Senna,749;
Sportives,MV-AGUSTA,F4 750 SPR,749;
Sportives,MV-AGUSTA,F4 Specials Parts,749;
Sportives,MV-AGUSTA,F4 750 SPR,749;
Sportives,MV-AGUSTA,F4 S 1+1 EV03,749;
Sportives,MV-AGUSTA,F4 S EV03,749;
Sportives,MV-AGUSTA,F4 Ago,749;
Roadster,MV-AGUSTA,Brutale 750 S,749;
Roadster,MV-AGUSTA,Brutale 750 Oro,749;
Trails,TRIUMPH,Tiger 1050 SE,1050;
Roadster,MV-AGUSTA,Brutale 750 S,749;
Roadster,MV-AGUSTA,Brutale 750 S,749;
Roadster,MV-AGUSTA,Brutale 750 Oro,749;
Roadster,MV-AGUSTA,Brutale 750 America,749;
Roadster,MV-AGUSTA,Brutale 750 America,749;
Sportives,MV-AGUSTA,F4 750 S,749;
Sportives,MV-AGUSTA,F4 750 S,749;
Sportives,MV-AGUSTA,F4 750 S 1+1,749;
Sportives,MV-AGUSTA,F4 750 SPR,749;
Sportives,MV-AGUSTA,F4 Ago,749;
Trails,TRIUMPH,Tiger 1050,1050;
Sportives,MV-AGUSTA,F4 S,998;
Sportives,MV-AGUSTA,F4 S,998;
Sportives,MV-AGUSTA,F4 S 1+1,998;
Sportives,MV-AGUSTA,F4 S 1+1,998;
Sportives,MV-AGUSTA,F4 Tamburini,998;
Sportives,MV-AGUSTA,F4 Tamburini,998;
Sportives,MV-AGUSTA,F4 Tamburini,998;
Sportives,MV-AGUSTA,F4 Mamba,998;
Sportives,MV-AGUSTA,F4 Mamba,998;
Sportives,MV-AGUSTA,F4 R,998;
Trails,TRIUMPH,Tiger 800,799;
Roadster,SUZUKI,Inazuma 250,248;
Routieres,SUZUKI,Hayabusa,1340;
Routieres,SUZUKI,GSX650F,656;
Routieres,SUZUKI,GSX1250FA,1255;
Trails,SUZUKI,V Strom 650,645;
Trails,SUZUKI,V Strom 650 Adventure,645;
Roadster,SUZUKI,GSR 750,749;
Customs,SUZUKI,Intruder M 800,805;
Customs,SUZUKI,Intruder C 800,805;
Roadster,SUZUKI,Bandit 650,656;
Trails,TRIUMPH,Tiger 800 XC,799;
Roadster,SUZUKI,Bandit 650,656;
Roadster,SUZUKI,Bandit 650S,656;
Roadster,SUZUKI,Bandit 650S,656;
Roadster,SUZUKI,Bandit 1250,1255;
Roadster,SUZUKI,Bandit 1250,1255;
Roadster,SUZUKI,Bandit 1250S,1255;
Roadster,TRIUMPH,Speed Triple 1050 R,1050;
Routieres,TRIUMPH,Sprint GT,1050;
Customs,TRIUMPH,Bonneville T100,865;
Routieres,KAWASAKI,ZZR 1400 Special Edition,1441;
Customs,TRIUMPH,Thunderbird Storm,1699;
Roadster,HONDA,CB 1300 S,1284;
Roadster,HONDA,CB 1300 S,1284;
Roadster,HONDA,CBF 600 S,599,3;
Roadster,HONDA,CBF 600 S,599,3;
Roadster,YAMAHA,FZ1,998;
Routieres,YAMAHA,FZ1 Fazer,998;
Customs,YAMAHA,XVS1300A Midnight Star,1304;
Customs,YAMAHA,XV1900A Midnight Star,1854;
Roadster,YAMAHA,MT-03,660;
Trails,YAMAHA,XT 660 R,660;
Customs,TRIUMPH,Thunderbird,1597;
Trails,YAMAHA,TDM 900,897;
Customs,HEADBANGER,Foxy Lady,1640;
Customs,HEADBANGER,Gypsy Soul,1530;
Customs,HEADBANGER,Hollister,1450;
Customs,HEADBANGER,Summer time,1530;
Customs,HEADBANGER,Woodstock Boogie,1530;
Trails,SUZUKI,DRZ 400 S,398;
Trails,SUZUKI,DRZ 400 S,398;
Trails,SUZUKI,DRZ 400 S,398;
Trails,SUZUKI,DRZ 400 S,398;
Customs,TRIUMPH,ROCKET III ROADSTER,2294;
Trails,SUZUKI,DRZ 400 S,398;
Trails,SUZUKI,DRZ 400 S,398;
Trails,SUZUKI,DRZ 400 S,398;
Trails,SUZUKI,DRZ 400 S,398;
Trails,SUZUKI,V Strom 650,645;
Trails,SUZUKI,V Strom 650,645;
Trails,SUZUKI,V Strom 650,645;
Routieres,SUZUKI,GSX1250FA,1255;
Roadster,MOTO-MORINI,Corsaro 1200 Veloce,1187;
Trails,MOTO-MORINI,Granpasso 1200,1187;
Customs,TRIUMPH,ROCKET III TOURING,2294;
Roadster,MOTO-MORINI,Scrambler 1200,1187;
Sportives,VYRUS,984 C3 2V,992;
Sportives,VYRUS,986 M2,599;
Sportives,VYRUS,987 C3 4V,599;
Trails,HONDA,CRF 250M,249;
Roadster,HOREX,VR6,1218;
Sportives,DUCATI,Superbike 999,998;
Sportives,DUCATI,Superbike 999 R,999;
Sportives,DUCATI,Superbike 999 S,998;
Sportives,DUCATI,Superbike 999 R Xerox,999;
Customs,TRIUMPH,Thruxton,865;
Sportives,DUCATI,Superbike 749,748;
Sportives,DUCATI,Superbike 749 Dark,748;
Sportives,DUCATI,Superbike 749 S,748;
Sportives,DUCATI,Superbike 749 R,749;
Routieres,DUCATI,Sport Touring ST3,992;
Routieres,DUCATI,Sport Touring ST3 S,992;
Routieres,DUCATI,Sport Touring ST3,992;
Routieres,DUCATI,Sport Touring ST3,992;
Trails,DUCATI,Multistrada 1000 DS,992;
Trails,DUCATI,Multistrada 1000S DS,992;
Cross et Enduro,KAWASAKI,KX250F,250;
Roadster,SUZUKI,Gladius,645;
Trails,DUCATI,Multistrada 1000S DS,992;
Trails,DUCATI,Multistrada 1000 DS,992;
Trails,DUCATI,Multistrada 1000 DS,992;
Trails,DUCATI,Multistrada 1000 DS,992;
Sportives,DUCATI,Superbike 749,748;
Sportives,DUCATI,Superbike 749,748;
Sportives,DUCATI,Superbike 749,748;
Sportives,DUCATI,Superbike 749 Dark,748;
Sportives,DUCATI,Superbike 749 R,749;
Sportives,DUCATI,Superbike 749 R,749;
Roadster,SUZUKI,GSR 600,599,4;
Sportives,DUCATI,Superbike 749 S,748;
Sportives,DUCATI,Superbike 749 S,748;
Sportives,DUCATI,Superbike 749 S,748;
Roadster,DUCATI,Monster 620,618;
Roadster,DUCATI,Monster 620,618;
Roadster,DUCATI,Monster 620,618;
Roadster,DUCATI,Monster 620,618;
Roadster,DUCATI,Monster 620 Dark,618;
Roadster,DUCATI,Monster 620 Dark,618;
Roadster,DUCATI,Monster 620 S,618;
Roadster,SUZUKI,GSR 750,749;
Roadster,DUCATI,Monster S2R 800,803;
Roadster,DUCATI,Monster S2R 800,803;
Roadster,DUCATI,Monster S2R 800 Dark,803;
Trails,DUCATI,Multistrada 620,618;
Trails,DUCATI,Multistrada 620,618;
Trails,DUCATI,Multistrada 620 Dark,618;
Trails,DUCATI,Multistrada 620 Dark,618;
Sportives,DUCATI,Superbike 999,998;
Sportives,DUCATI,Superbike 999,998;
Sportives,DUCATI,Superbike 999,998;
Roadster,SUZUKI,Bandit 650,656;
Sportives,DUCATI,Superbike 999 R,999;
Sportives,DUCATI,Superbike 999 R,999;
Sportives,DUCATI,Superbike 999 R,999;
Sportives,DUCATI,Superbike 999 S,998;
Sportives,DUCATI,Superbike 999 S,998;
Sportives,DUCATI,Superbike 999 S,998;
Roadster,DUCATI,Monster S4R Testastretta,996;
Roadster,DUCATI,Monster S4R Testastretta,996;
Roadster,DUCATI,Monster S4R Testastretta,996;
Roadster,DUCATI,Monster S4R Testastretta,916;
Roadster,SUZUKI,Bandit 1250,1255;
Roadster,DUCATI,Monster S4R S Testastretta,998;
Roadster,DUCATI,Monster 400,398;
Sportives,DUCATI,Superbike 748,748;
Sportives,DUCATI,Superbike 998,748;
Routieres,DUCATI,Sport Touring ST4 S,996;
Routieres,DUCATI,Sport Touring ST4 S,996;
Roadster,DUCATI,Monster 800,803;
Roadster,DUCATI,Monster 800 S,803;
Roadster,DUCATI,Monster 1000 S,992;
Roadster,DUCATI,Monster 1000 S,992;
Roadster,SUZUKI,B-King,1340;
Roadster,DUCATI,Monster 1000,992;
Roadster,DUCATI,Monster 1000,992;
Roadster,DUCATI,Monster 1000 S,992;
Roadster,DUCATI,Monster S2R Dark,803;
Roadster,DUCATI,Monster S2R 1000,992;
Routieres,DUCATI,Sportclassic Sport 1000 Monoposto,992;
Routieres,DUCATI,SportClassic PaulSmart 1000 LE,992;
Routieres,DUCATI,Sport Touring ST4 S,996;
Routieres,DUCATI,Sport Touring ST4 S,996;
Routieres,DUCATI,Sport Touring ST4 S,996;
Routieres,SUZUKI,Bandit 650S,656;
Routieres,DUCATI,Sport Touring ST4,916;
Routieres,DUCATI,Sport Touring ST4,916;
Routieres,DUCATI,Sport Touring ST4,916;
Routieres,DUCATI,Sport Touring ST2,944;
Routieres,DUCATI,Sport Touring ST2,944;
Routieres,DUCATI,Sport Touring ST2,944;
Roadster,DUCATI,Monster 400,398;
Roadster,DUCATI,Monster 400,398;
Roadster,DUCATI,Monster 620,618;
Roadster,DUCATI,Monster 620 S,618;
Routieres,SUZUKI,GSX650F,656;
Roadster,DUCATI,Monster 750,748;
Roadster,DUCATI,Monster 750,748;
Roadster,DUCATI,Monster 900,904;
Roadster,DUCATI,Monster 900,904;
Roadster,DUCATI,Monster S4,916;
Roadster,DUCATI,Monster S4,916;
Roadster,DUCATI,Monster S4 Fogarty,916;
Roadster,DUCATI,Monster S4 Fogarty,916;
Sportives,DUCATI,Superbike 748 R,748;
Sportives,DUCATI,Superbike 748 R,748;
Routieres,SUZUKI,Bandit 1250S,1255;
Sportives,DUCATI,Superbike 748,748;
Sportives,DUCATI,Superbike 748 E,748;
Sportives,DUCATI,Superbike 748 S,748;
Roadster,DUCATI,Monster 600,583;
Sportives,DUCATI,Supersport 750,748;
Sportives,DUCATI,Supersport 750 Sport,748;
Sportives,DUCATI,Supersport 750,748;
Sportives,DUCATI,Supersport 750 Sport,748;
Sportives,DUCATI,Supersport 900,904;
Sportives,DUCATI,Supersport 900 Sport,904;
Routieres,SUZUKI,GSX1250FA,1255;
Sportives,DUCATI,Supersport 900,904;
Sportives,DUCATI,Superbike 996,996;
Sportives,DUCATI,Superbike 996 S,996;
Sportives,DUCATI,Superbike 996 R,998;
Sportives,DUCATI,Superbike 998,998;
Sportives,DUCATI,Superbike 998 S,998;
Sportives,DUCATI,Superbike 998 R,999;
Sportives,DUCATI,MH900E,904;
Sportives,DUCATI,MH900E,904;
Routieres,SUZUKI,SVS 1000,996;
Cross et Enduro,KAWASAKI,KX450F,450;
Routieres,SUZUKI,Hayabusa,1340;
Routieres,SUZUKI,SVS 1000,996;
Routieres,SUZUKI,SVS 1000,996;
Routieres,SUZUKI,SVS 1000,996;
Routieres,SUZUKI,SVS 1000,996;
Roadster,BENELLI,BN 600,600;
Trails,BENELLI,Motard 250,249;
Roadster,BENELLI,Tornado Naked TRE 899,898;
Roadster,BENELLI,Tornado Naked TRE 1130,1131;
Roadster,BENELLI,Tornado Naked TRE 1130 R,1131;
Sportives,MV-AGUSTA,F3 800,798;
Sportives,SUZUKI,GSX-R 600,599,4;
Trails,BENELLI,Tre 1130 K,1131;
Trails,BENELLI,Tre 1130 K Amazonas,1131;
Roadster,BENELLI,TNT Cafe 1130 Racer,1130;
Trails,BENELLI,Tre 899 K,898;
Roadster,BENELLI,TNT R 160,1131;
Sportives,BENELLI,Tornado TRE 1130,1130;
Roadster,BENELLI,Tornado Naked TRE 899,898;
Roadster,BENELLI,TNT Century 899 Racer,898;
Roadster,BENELLI,TNT Century 1130 Racer,1131;
Routieres,HONDA,ST 1100 Pan European,1084;
Sportives,SUZUKI,GSX-R 750,749.1;
Routieres,HONDA,ST 1100 Pan European,1084;
Routieres,HONDA,ST 1100 Pan European,1084;
Routieres,HONDA,ST 1100 Pan European,1084;
Routieres,HONDA,ST 1100 Pan European,1084;
Routieres,HONDA,ST 1100 Pan European,1084;
Routieres,HONDA,NT 700 V Deauville,647;
Sportives,HONDA,CBR 250 R,249,6 cmÂ³;
Roadster,SUZUKI,GS 500,487;
Roadster,SUZUKI,GS 500,487;
Roadster,SUZUKI,GS 500 F,487;
Sportives,SUZUKI,GSX-R 1000,999;
Roadster,SUZUKI,GS 500 F,487;
Roadster,YAMAHA,MT-09,847;
Roadster,YAMAHA,BT1100 Bulldog,1063;
Roadster,YAMAHA,BT1100 Bulldog,1063;
Roadster,YAMAHA,BT1100 Bulldog,1063;
Roadster,YAMAHA,BT1100 Bulldog,1063;
Roadster,YAMAHA,BT1100 Bulldog,1063;
Roadster,YAMAHA,V-max,1679;
Customs,YAMAHA,XV 950,942;
Customs,YAMAHA,XV 950 R,942;
Customs,SUZUKI,Intruder C 800,805;
Concept,YAMAHA,XJR 1300 Yard Built,1251;
Roadster,MV-AGUSTA,Brutale Corsa,1078;
Customs,HARLEY-DAVIDSON,CVO Road King,1801;
Customs,HARLEY-DAVIDSON,CVO Breakout,1802;
Customs,HARLEY-DAVIDSON,CVO Softail Deluxe,1802;
Customs,HARLEY-DAVIDSON,CVO Electra Glide Ultra Limited,1801;
Customs,HARLEY-DAVIDSON,Dyna Fat Bob,1690;
Customs,HARLEY-DAVIDSON,Dyna Street Bob,1585;
Customs,HARLEY-DAVIDSON,Dyna Super Glide Custom,1690;
Customs,HARLEY-DAVIDSON,Dyna Switchback,1690;
Customs,SUZUKI,Intruder M 800,805;
Customs,HARLEY-DAVIDSON,Dyna Wide Glide,1690;
Customs,HARLEY-DAVIDSON,Softail Breakout,1690;
Customs,HARLEY-DAVIDSON,Softail Deluxe,1690;
Customs,HARLEY-DAVIDSON,Softail Fat Boy,1690;
Customs,HARLEY-DAVIDSON,Softail Fat Boy Special,1690;
Customs,HARLEY-DAVIDSON,Softail Heritage Classic,1690;
Customs,HARLEY-DAVIDSON,Softail Slim,1690;
Customs,HARLEY-DAVIDSON,Touring Ultra Classic Electra Glide,1690;
Customs,HARLEY-DAVIDSON,Touring Electra Glide Ultra Limited,1690;
Customs,HARLEY-DAVIDSON,Touring Road King Classic,1690;
Customs,SUZUKI,Intruder M 1800 R,1783;
Customs,HARLEY-DAVIDSON,Touring Street Glide,1690;
Trike,HARLEY-DAVIDSON,Touring Tri-Glide Ultra Classic,1690;
Customs,HARLEY-DAVIDSON,V-Rod Muscle,1247;
Customs,HARLEY-DAVIDSON,V-Rod Night Rod Special,1247;
Roadster,NORTON,Commando 961SE,961;
Roadster,NORTON,Commando 961 Sport,961;
Roadster,NORTON,Commando 961 Cafe Racer,961;
Customs,HARLEY-DAVIDSON,Sportster Forty Eight,1202;
Customs,HARLEY-DAVIDSON,Sportster 1200 V Seventy-Two,1202;
Customs,HARLEY-DAVIDSON,Sportster 883 L Superlow,883;
Trails,SUZUKI,V Strom 650,645;
Customs,HARLEY-DAVIDSON,Sportster 883 N Iron,883;
Customs,HARLEY-DAVIDSON,Sportster 883 Roadster,883;
Customs,HARLEY-DAVIDSON,Sportster 1200 C Custom,1202;
Customs,HARLEY-DAVIDSON,Sportster 1200 CA Custom Limited,1202;
Customs,HARLEY-DAVIDSON,Sportster 1200 CB Custom Limited,1202;
Routieres,KAWASAKI,Z1000SX,1043;
Sportives,KAWASAKI,Ninja 300 Special Edition,296;
Routieres,KAWASAKI,ZZR 1400 Performance Sport,1441;
Sportives,SUZUKI,GSX-R 1000 Special Edition,999;
Sportives,DUCATI,Superbike  899 Panigale,898;
Cross et Enduro,SUZUKI,RM Z 250,249;
Sportives,YAMAHA,YZF R1,998;
Sportives,YAMAHA,YZF R6,599;
Roadster,YAMAHA,FZ8,779;
Routieres,YAMAHA,Fazer 8,779;
Roadster,YAMAHA,XJ6,600;
Roadster,YAMAHA,XJ6 Diversion,600;
Roadster,YAMAHA,XJ6 Diversion F,600;
Routieres,YAMAHA,FJR 1300 AE,1298;
Trails,SUZUKI,V Strom 1000,1037;
Roadster,KAWASAKI,Z1000,1043;
Cross et Enduro,SUZUKI,RM Z 450,449;
Roadster,BENELLI,BN 302,300;
Routieres,BENELLI,BN 600 GT,600;
Roadster,BMW,R Nine T,1170;
Trails,BMW,R 1200 GS Adventure,1170;
Roadster,KTM,1290 Super Duke R,1301;
Roadster,HONDA,CB 1100,1140;
Roadster,HONDA,CB 1100 EX,1140;
Roadster,DUCATI,Monster 696,696;
Roadster,DUCATI,Monster 796,803;
Roadster,DUCATI,Monster 1200,1198,4;
Sportives,KAWASAKI,Ninja ZX-6R,600;
Cross et Enduro,SUZUKI,RMX Z 450,449;
Roadster,DUCATI,Monster 1200 S,1198,4;
Customs,DUCATI,Diavel,1198,4;
Customs,DUCATI,Diavel Carbon,1198,4;
Customs,DUCATI,Diavel Dark,1198,4;
Customs,DUCATI,Diavel Strada,1198,4;
Sportives,DUCATI,Panigale,1198;
Sportives,DUCATI,Panigale S,1198;
Sportives,DUCATI,Panigale R,1198;
Sportives,DUCATI,Superbike 1199 Superleggera,1198;
Trails,DUCATI,Hypermotard,821,2;
Sportives,APRILIA,RSV4 R,999,6;
Trails,DUCATI,Hyperstrada,821,2;
Trails,DUCATI,Hypermotard SP,821,2;
Trails,DUCATI,Multistrada 1200,1198,4;
Trails,DUCATI,Multistrada 1200 S Pikes Peak,1198,4;
Trails,DUCATI,Multistrada S 1200 Touring,1198,4;
Trails,DUCATI,Multistrada 1200 S Granturismo,1198,4;
Roadster,DUCATI,Streetfighter 848,849;
Sportives,VYRUS,984 C3 2V,992;
Sportives,VYRUS,985 C3 4V,999;
Sportives,KTM,200 RC Duke,199,5;
Sportives,APRILIA,RSV4 Factory APRC,999,6;
Sportives,KTM,390 RC Duke,373,2;
Roadster,MV-AGUSTA,Brutale 910 S,909,1;
Roadster,MV-AGUSTA,Brutale 910 R,909,1;
Sportives,MV-AGUSTA,F4 1000 Senna,998;
Sportives,MV-AGUSTA,F4 Veltro,998;
Sportives,MV-AGUSTA,F4 CC,998;
Roadster,MV-AGUSTA,Brutale Mamba,749,4;
Roadster,MV-AGUSTA,Brutale 910 S,909,1;
Roadster,MV-AGUSTA,Brutale 910 R,909,1;
Roadster,MV-AGUSTA,Brutale Italia,909,1;
Roadster,APRILIA,TUONO 1000 R,997,62;
Trails,MV-AGUSTA,Turismo Veloce 800,798;
Roadster,MV-AGUSTA,Brutale 800,798;
Roadster,MV-AGUSTA,Brutale 800 Dragster,798;
Roadster,MV-AGUSTA,Rivale 800,798;
Roadster,MV-AGUSTA,Brutale 675,675;
Sportives,MV-AGUSTA,F4,998;
Sportives,MV-AGUSTA,F4 R,998;
Sportives,MV-AGUSTA,F4 RR,998;
Sportives,MV-AGUSTA,F3 675,675;
Sportives,MV-AGUSTA,F3 800,798;
Roadster,APRILIA,SHIVER 750,749,9;
Roadster,MV-AGUSTA,Brutale 1090,1078;
Roadster,MV-AGUSTA,Brutale 1090 R,1078;
Roadster,MV-AGUSTA,Brutale 1090 RR,1078;
Roadster,MV-AGUSTA,Brutale Corsa,1078;
Roadster,YAMAHA,MT-07,689;
Routieres,HONDA,VFR,782;
Roadster,HONDA,CB 600 F Hornet,599;
Roadster,HONDA,CB 650 F,649;
Routieres,HONDA,CTX 700,669,6;
Routieres,HONDA,CTX 1300,1261;
Roadster,APRILIA,MANA 850,839,3;
Roadster,HONDA,NC 750 S,745;
Trails,HONDA,NC 750 X,745;
Roadster,HONDA,CB 1000 Big One,998;
Roadster,HONDA,CB 1000 Big One,998;
Roadster,HONDA,CB 1000 Big One,998;
Roadster,HONDA,CB 1000 Big One,998;
Roadster,HONDA,CB 1000 Big One,998;
Roadster,HONDA,CB 1000 Big One,998;
Customs,HONDA,VT 750 S,745;
Routieres,HONDA,GL 1800 Gold Wing,1832;
Roadster,APRILIA,MANA 850 GT,839,3;
Roadster,HONDA,CB 600 F Hornet,600;
Customs,HONDA,Gold Wing F6C,1832;
Sportives,HONDA,CBR 650 F,649;
Sportives,HONDA,CBR 1000 RR Fireblade,998,8;
Sportives,HONDA,CBR 1000 RR SP Fireblade,998,8;
Roadster,BMW,S 1000 R,999;
Customs,HEADBANGER,Foxy Lady,1850;
Customs,HEADBANGER,Gypsy Soul,1530;
Customs,HEADBANGER,High Flyin,2031;
Customs,HEADBANGER,Hollister,1450;
Trails,APRILIA,DORSODURO 750,749,9;
Customs,HEADBANGER,Summer time,1530;
Customs,HEADBANGER,Woodstock Boogie,1530;
Routieres,SUZUKI,Bandit 600 S,599;
Routieres,SUZUKI,Bandit 600 S,599;
Routieres,SUZUKI,Bandit 600 S,599;
Routieres,SUZUKI,Bandit 600 S,599;
Routieres,SUZUKI,Bandit 600 S,599;
Routieres,SUZUKI,Bandit 600 S,599;
Routieres,SUZUKI,Bandit 650S,656;
Sportives,BMW,K 1300 S,1293;
Trails,APRILIA,DORSODURO 750 FACTORY,749,9;
Sportives,BMW,K 1300 S,1293;
Routieres,BMW,F 800 GT,798;
Sportives,BMW,HP4,999;
Roadster,BMW,K 1300 R,1293;
Sportives,BMW,S 1000 RR,999;
Routieres,BMW,K 1600 GT,1649;
Routieres,BMW,K 1600 GTL,1649;
Roadster,BMW,F 800 R,798;
Trails,BMW,G 650 GS,652;
Trails,BMW,G 650 GS Sertao,652;
Trails,APRILIA,DORSODURO 1200,1197 ;
Trails,BMW,F 700 GS,798;
Trails,BMW,F 800 GS,798;
Trails,BMW,F 800 GS Adventure,798;
Trails,BMW,F 800 GS Adventure,798;
Routieres,BMW,K 1600 GTL EXCLUSIVE,1649;
Roadster,BMW,R 1200 R,1170;
Routieres,BMW,R 1200 RT,1170;
Trails,BMW,R 1200 GS,1170;
Roadster,SUZUKI,Gladius,645;
Roadster,SUZUKI,GSR 750,749;
Roadster,KAWASAKI,ER-6N,650;
Sportives,YAMAHA,YZF R1,998;
Roadster,SUZUKI,GSR 750 SE,749;
Roadster,SUZUKI,GSR 750 SE Yoshimura,749;
Sportives,SUZUKI,GSX-R 600,599;
Sportives,SUZUKI,GSX-R 750,750;
Sportives,SUZUKI,GSX-R 750 SE Yoshimura,750;
Sportives,SUZUKI,GSX-R 1000,999;
Customs,SUZUKI,Intruder C 800,805;
Customs,SUZUKI,Intruder M 800,805;
Choix,SUZUKI,Intruder M 1800 R,1783;
Customs,SUZUKI,Intruder M 1800 R BOSS,1783;
Sportives,YAMAHA,YZF R1,998;
Customs,SUZUKI,Intruder C1500T,1462;
Routieres,SUZUKI,GSX650F,656;
Routieres,SUZUKI,GSX1250FA,1255;
Routieres,SUZUKI,Hayabusa,1340;
Sportives,KAWASAKI,Ninja H2R,998;
Routieres,HONDA,GL 1800 Gold Wing,1832;
Trails,HONDA,VFR 800 X Crossrunner,782;
Roadster,DUCATI,Scrambler Classic,803;
Roadster,DUCATI,Scrambler Full Throttle,803;
Roadster,DUCATI,Scrambler Urban Enduro,803;
Sportives,YAMAHA,YZF R1,998;
Roadster,DUCATI,Scrambler Icon,803;
Roadster,HONDA,CB 1000 R,999,8;
Roadster,HONDA,CB 1000 R,998;
Concept,HONDA,RC213V S,NC;
Roadster,HONDA,CB 500 F,471;
Roadster,HONDA,CB 500 X,471;
Customs,HONDA,Gold Wing F6C,1832;
Sportives,HONDA,CBR 1000 RR Fireblade,998,8;
Routieres,HONDA,VFR 1200 F,1237;
Trails,HONDA,VFR 1200 X Crosstourer,1237;
Sportives,YAMAHA,YZF R1,998;
Sportives,MV-AGUSTA,F3 675,675;
Sportives,MV-AGUSTA,F3 800,798;
Roadster,MV-AGUSTA,Brutale 800,798;
Roadster,MV-AGUSTA,Brutale 800 RR,798;
Roadster,MV-AGUSTA,Brutale 800 Dragster,798;
Roadster,MV-AGUSTA,Brutale 800 Dragster RR,798;
Roadster,MV-AGUSTA,Brutale 675,675;
Roadster,SUZUKI,Gladius,645;
Roadster,SUZUKI,GSR 750,749;
Trails,SUZUKI,V Strom 650,645;
Sportives,YAMAHA,YZF R1,998;
Trails,SUZUKI,V Strom 650 XT,645;
Routieres,SUZUKI,GSX1250FA,1255;
Customs,HARLEY-DAVIDSON,Dyna Street Bob,1585;
Customs,HARLEY-DAVIDSON,Dyna Fat Bob,1690;
Customs,HARLEY-DAVIDSON,Dyna Low Rider,1690;
Customs,HARLEY-DAVIDSON,Dyna Switchback,1690;
Customs,HARLEY-DAVIDSON,Dyna Wide Glide,1690;
Customs,HARLEY-DAVIDSON,Softail Breakout,1690;
Customs,HARLEY-DAVIDSON,Softail Fat Boy,1690;
Customs,HARLEY-DAVIDSON,Softail Fat Boy Special,1690;
Sportives,YAMAHA,YZF R1,998;
Customs,HARLEY-DAVIDSON,Softail Slim,1690;
Customs,HARLEY-DAVIDSON,Softail Deluxe,1690;
Customs,HARLEY-DAVIDSON,Softail Heritage Classic,1690;
Customs,HARLEY-DAVIDSON,Sportster 1200 C Custom,1202;
Customs,HARLEY-DAVIDSON,Sportster 1200 CA Custom Limited,1202;
Customs,HARLEY-DAVIDSON,Sportster 1200 CB Custom Limited,1202;
Customs,HARLEY-DAVIDSON,Sportster 883 L Superlow,883;
Customs,HARLEY-DAVIDSON,Sportster 883 Roadster,883;
Customs,HARLEY-DAVIDSON,Sportster 883 N Iron,883;
Customs,HARLEY-DAVIDSON,Sportster Forty Eight,1202;
Roadster,YAMAHA,FZ1,998;
Customs,HARLEY-DAVIDSON,Sportster 1200 T Superlow,1202;
Customs,HARLEY-DAVIDSON,Sportster 1200 V Seventy-Two,1202;
Customs,HARLEY-DAVIDSON,CVO Road Glide Ultra,1801;
Customs,HARLEY-DAVIDSON,CVO Softail Deluxe,1802;
Customs,HARLEY-DAVIDSON,CVO Street Glide,1801;
Customs,HARLEY-DAVIDSON,CVO Ultra Limited,1801;
Customs,HARLEY-DAVIDSON,Street 750,749;
Customs,HARLEY-DAVIDSON,V-Rod Muscle,1247;
Customs,HARLEY-DAVIDSON,V-Rod Night Rod Special,1247;
Customs,HARLEY-DAVIDSON,Trike Tri Glide Ultra,1690;
Roadster,YAMAHA,FZ1,998;
Customs,HARLEY-DAVIDSON,Touring Road King Classic,1690;
Customs,HARLEY-DAVIDSON,Touring Street Glide Special,1690;
Customs,HARLEY-DAVIDSON,Touring Ultra Classic Electra Glide,1690;
Customs,HARLEY-DAVIDSON,Touring Ultra Limited Low,1690;
Customs,HARLEY-DAVIDSON,Touring Road Glide Special,1690;
Customs,HARLEY-DAVIDSON,Touring Electra Glide Ultra Limited,1690;
Roadster,YAMAHA,MT-07,689;
Roadster,YAMAHA,MT-07 Cage,689;
Roadster,YAMAHA,MT-09,847;
Roadster,YAMAHA,MT-09 SPORT TRACKER,847;
Roadster,YAMAHA,FZ1,998;
Roadster,YAMAHA,MT-09 STREET RALLY,847;
Roadster,YAMAHA,MT-09 TRACER,847;
Choix,YAMAHA,XT 660 X,660;
Choix,YAMAHA,XT 660 R,660;
Choix,YAMAHA,XT 660 Z Tenere,660;
Trails,YAMAHA,XT 1200 Z Super Tenere,1199;
Trails,YAMAHA,XT 1200 ZE Super Tenere,1199;
Trails,YAMAHA,XT 1200 Z Super Tenere World Crosser,1199;
Roadster,YAMAHA,FZ1,998;
Roadster,YAMAHA,FZ8,779;
Roadster,YAMAHA,FZ1,998;
Roadster,YAMAHA,XJ6,600;
Sportives,YAMAHA,YZF R1,998;
Sportives,YAMAHA,YZF R1M,998;
Sportives,YAMAHA,YZF R6,599;
Sportives,YAMAHA,YZF R3,321;
Customs,YAMAHA,XV1900A Midnight Star,1854;
Customs,YAMAHA,XVS1300A Midnight Star,1304;
Customs,YAMAHA,XVS1300 CUSTOM,1304;
Customs,YAMAHA,XVS1300A CASUAL FULL DRESSED,1304;
Customs,YAMAHA,SR400,399;
Routieres,KAWASAKI,ER-6F,650;
Roadster,YAMAHA,FZ1,998;
Roadster,YAMAHA,V-max,1679;
Roadster,YAMAHA,V-MAX CARBON,1679;
Roadster,YAMAHA,XJR 1300,1251;
Roadster,YAMAHA,XJR 1300 RACER,1251;
Customs,YAMAHA,XV 950,942;
Customs,YAMAHA,XV 950 R,942;
Customs,YAMAHA,XV950 RACER,942;
Roadster,YAMAHA,XSR 700,689;
Routieres,YAMAHA,FJR 1300 A,1298;
Routieres,YAMAHA,FJR 1300 AE,1298;
Roadster,YAMAHA,FZ1,998;
Routieres,YAMAHA,FJR 1300 AS,1298;
Roadster,YAMAHA,XJ6 Diversion,600;
Roadster,YAMAHA,XJ6 Diversion F,600;
Routieres,YAMAHA,Fazer 8,779;
Routieres,YAMAHA,FZ1 Fazer,998;
Customs,KAWASAKI,W800 Cafe Style,773;
Customs,KAWASAKI,W800 Black Edition,773;
Customs,KAWASAKI,W800,773;
Routieres,YAMAHA,FZ1 Fazer,998;
Routieres,YAMAHA,FZ1 Fazer,998;
Routieres,YAMAHA,FZ1 Fazer,998;
Routieres,YAMAHA,FZ1 Fazer,998;
Routieres,YAMAHA,FZ1 Fazer,998;
Routieres,YAMAHA,FZ1 Fazer,998;
Roadster,YAMAHA,FZ8,779;
Routieres,YAMAHA,Fazer 8,779;
Routieres,KAWASAKI,VN1700 Voyager,1700;
Roadster,YAMAHA,FZ6,600;
Roadster,YAMAHA,FZ6,600;
Roadster,YAMAHA,FZ6,600;
Roadster,YAMAHA,FZ6 Fazer,600;
Roadster,YAMAHA,FZ6 Fazer,600;
Roadster,YAMAHA,FZ6 Fazer,600;
Roadster,YAMAHA,FZ6 S2,600;
Roadster,YAMAHA,FZ6 S2,600;
Roadster,YAMAHA,FZ6 S2,600;
Roadster,YAMAHA,FZ6 Fazer S2,600;
Routieres,KAWASAKI,ER-6F,650;
Roadster,YAMAHA,FZ6 Fazer S2,600;
Roadster,YAMAHA,FZ6 Fazer S2,600;
Roadster,YAMAHA,MT-03,660;
Roadster,YAMAHA,MT-03,660;
Roadster,YAMAHA,MT-03,660;
Roadster,YAMAHA,MT-03,660;
Roadster,YAMAHA,MT-03,660;
Roadster,YAMAHA,XJ6,600;
Roadster,YAMAHA,XJ6,600;
Roadster,YAMAHA,XJ6,600;
Routieres,KAWASAKI,Z1000SX,1000;
Roadster,KAWASAKI,ER-6N,650;
Roadster,YAMAHA,XJ6 Diversion F,600;
Roadster,YAMAHA,XJ6 Diversion F,600;
Roadster,YAMAHA,XJ6 Diversion,600;
Roadster,YAMAHA,XJ6 Diversion,600;
Roadster,YAMAHA,XJ6 Diversion,600;
Trails,KTM,990 SM T,999;
Trails,KTM,990 Adventure,999;
Trails,KTM,990 Adventure Dakar Edition,999;
Sportives,KTM,1190 RC8 R,1195;
Trails,KTM,990 Supermoto R,999;
Sportives,KAWASAKI,Ninja ZX-6R,600;
Routieres,KAWASAKI,1400GTR,1352;
Routieres,KAWASAKI,ZZR 600,599;
Routieres,KAWASAKI,ZZR 600,599;
Routieres,KAWASAKI,ZZR 1200,1164;
Routieres,KAWASAKI,ZZR 1400,1352;
Routieres,KAWASAKI,ZZR 1400,1352;
Roadster,KTM,690 Duke,654;
Roadster,KTM,990 Super Duke,999;
Trails,KAWASAKI,VERSYS,649;
Roadster,KAWASAKI,Z1000,1043;
,,,;
Customs,YAMAHA,XV1900A Midnight Star,1854;
Customs,YAMAHA,XV1900A Midnight Star,1854;
Customs,YAMAHA,XV1900A Midnight Star,1854;
Customs,YAMAHA,XV1900A Midnight Star,1854;
Customs,YAMAHA,XV1900A Midnight Star,1854;
Roadster,YAMAHA,MT-01,1670;
Roadster,YAMAHA,MT-01,1670;
Roadster,YAMAHA,MT-01,1670;
Roadster,YAMAHA,MT-01,1670;
Roadster,YAMAHA,MT-01 SP,1670;
Roadster,SUZUKI,SV 650,650;
Roadster,YAMAHA,V-max,1679;
Trails,YAMAHA,TDM 900,897;
Roadster,YAMAHA,XJR 1300,1251;
Trails,YAMAHA,XT 1200 Z Super Tenere,1199;
Trails,YAMAHA,XT 660 X,660;
Trails,YAMAHA,XT 660 X,660;
Trails,YAMAHA,XT 660 X,660;
Trails,YAMAHA,XT 660 X,660;
Customs,YAMAHA,XVS1300A Midnight Star,1304;
Customs,YAMAHA,XVS1300A Midnight Star,1304;
Roadster,SUZUKI,SV 650,650;
Customs,YAMAHA,XVS1300A Midnight Star,1304;
Customs,YAMAHA,XVS1300A Midnight Star,1304;
Customs,YAMAHA,XVS1300A Midnight Star,1304;
Customs,YAMAHA,XVS950A Midnight Star,942;
Customs,YAMAHA,XVS950A Midnight Star,942;
Customs,YAMAHA,XVS950A Midnight Star,942;
Routieres,YAMAHA,FJR 1300 AS,1298;
Sportives,YAMAHA,YZF R6,600;
Sportives,YAMAHA,YZF R6,600;
Sportives,YAMAHA,YZF R6,599;
Roadster,SUZUKI,SV 650,650;
Sportives,YAMAHA,YZF R6,599;
Sportives,YAMAHA,YZF R6,599;
Sportives,YAMAHA,YZF R6,599;
Sportives,YAMAHA,YZF R6,599;
Trails,YAMAHA,XT 660 Z Tenere,660;
Trails,YAMAHA,XT 660 Z Tenere,660;
Trails,YAMAHA,XT 660 Z Tenere,660;
Trails,YAMAHA,XT 660 R,660;
Sportives,HONDA,CBR 600 F,599;
Sportives,HONDA,CBR 250 R,249,6;
Roadster,SUZUKI,SV 650,650;
Sportives,HONDA,CBR 600 RR,599;
Sportives,HONDA,CBR 1000 RR Fireblade,999;
Routieres,HONDA,GL 1800 Gold Wing,1832;
Routieres,HONDA,NT 700 V Deauville,680;
Routieres,HONDA,ST 1300 Pan European,1261;
Routieres,HONDA,VFR 1200 F,1237;
Roadster,HONDA,CB 1300 S,1284;
Roadster,HONDA,CB 1300 S,1284;
Roadster,HONDA,CB 600 F Hornet,599;
Roadster,HONDA,CBF 600 N,599,3;
Roadster,SUZUKI,SVS 650,650;
Roadster,HONDA,CBF 600 S,599,3;
Roadster,HONDA,CBF 1000 ABS,998;
Roadster,HONDA,CB 1000 R,998;
Routieres,HONDA,VFR 1200 F Dual Clutch Transmission,1237;
Trails,HONDA,XL 700 V Transalp,680,2;
Trails,HONDA,XL 700 V Transalp,680,2;
Trails,HONDA,XL 700 V Transalp,680,2;
Trails,HONDA,XL 700 V Transalp,680,2;
Trails,HONDA,XL 700 V Transalp,647;
Trails,HONDA,XL 700 V Transalp,647;
Roadster,SUZUKI,SVS 650,650;
Trails,HONDA,XL 700 V Transalp,647;
Trails,HONDA,XL 700 V Transalp,647;
Trails,HONDA,XL 700 V Transalp,647;
Trails,HONDA,XL 700 V Transalp,647;
Trails,HONDA,XL 700 V Transalp,647;
Trails,HONDA,XL 700 V Transalp,647;
Trails,HONDA,XL 700 V Transalp,647;
Sportives,HONDA,CBR 600 RR,599;
Sportives,HONDA,CBR 600 RR,599;
Sportives,HONDA,CBR 600 RR,599;
Roadster,SUZUKI,SVS 650,650;
Sportives,HONDA,CBR 600 RR,599;
Sportives,HONDA,CBR 600 RR,599;
Sportives,HONDA,CBR 600 RR,599;
Sportives,HONDA,CBR 600 RR,599;
Sportives,HONDA,CBR 600 RR,599;
Trails,HONDA,Crossrunner,782;
Trails,HONDA,XL 1000 Varadero,996;
Sportives,HONDA,CBR 1000 RR Fireblade,999;
Sportives,HONDA,CBR 1000 RR Fireblade,999;
Sportives,HONDA,CBR 1000 RR Fireblade,999;
Sportives,KAWASAKI,Ninja ZX-10R,1000;
Roadster,SUZUKI,SVS 650,650;
Sportives,HONDA,CBR 1000 RR Fireblade,998;
Sportives,HONDA,CBR 1000 RR Fireblade,998;
Sportives,HONDA,CBR 1000 RR Fireblade,998;
Sportives,HONDA,CBR 1000 RR Fireblade,998;
Sportives,HONDA,CBR 1000 RR Fireblade,954;
Sportives,HONDA,CBR 1000 RR Fireblade,954;
Sportives,HONDA,CBR 900 RR Fireblade,929;
Sportives,HONDA,CBR 900 RR Fireblade,929;
Sportives,HONDA,CBR 900 RR Fireblade,918,5;
Routieres,HONDA,NT 700 V Deauville,680;
Roadster,TRIUMPH,Speed Triple T301,885;
Routieres,HONDA,NT 700 V Deauville,680;
Routieres,HONDA,NT 700 V Deauville,680;
Routieres,HONDA,NT 700 V Deauville,680;
Routieres,HONDA,NT 700 V Deauville,680;
Routieres,HONDA,NT 700 V Deauville,647;
Routieres,HONDA,NT 700 V Deauville,647;
Routieres,HONDA,NT 700 V Deauville,647;
Routieres,HONDA,NT 700 V Deauville,647;
Routieres,HONDA,NT 700 V Deauville,647;
Routieres,HONDA,NT 700 V Deauville,647;
Roadster,TRIUMPH,Speed Triple T301,885;
Routieres,HONDA,NT 700 V Deauville,647;
Trails,HONDA,XL 1000 Varadero,996;
Trails,HONDA,XL 1000 Varadero,996;
Trails,HONDA,XL 1000 Varadero,996;
Trails,HONDA,XL 1000 Varadero,996;
Trails,HONDA,XL 1000 Varadero,996;
Trails,HONDA,XL 1000 Varadero,996;
Trails,HONDA,XL 1000 Varadero,996;
Trails,HONDA,XL 1000 Varadero,996;
Trails,HONDA,XL 1000 Varadero,996;
Roadster,TRIUMPH,Speed Triple T301,885;
Trails,HONDA,XL 1000 Varadero,996;
Routieres,HONDA,VFR,782;
Routieres,HONDA,VFR,782;
Routieres,HONDA,VFR,782;
Routieres,HONDA,VFR,782;
Routieres,HONDA,VFR,782;
Routieres,HONDA,VFR,782;
Routieres,HONDA,VFR,782;
Routieres,HONDA,VFR,781,7;
Routieres,HONDA,VFR,781,7;
Roadster,TRIUMPH,Speed Triple T509,885;
Routieres,HONDA,VFR,781,7;
Routieres,HONDA,VFR,781,7;
Routieres,HONDA,VFR,781,7;
Roadster,HONDA,CB 1000 R,998;
Roadster,HONDA,CB 1000 R,998;
Roadster,HONDA,CB 1000 R,998;
Roadster,HONDA,CB 600 F Hornet,599;
Roadster,HONDA,CB 600 F Hornet,599;
Roadster,HONDA,CB 600 F Hornet,599;
Roadster,HONDA,CB 600 F Hornet,600;
Roadster,TRIUMPH,Speed Triple T509,885;
Roadster,HONDA,CB 600 F Hornet,600;
Roadster,HONDA,CB 600 F Hornet,600;
Roadster,HONDA,CB 600 F Hornet,600;
Roadster,HONDA,CB 600 F Hornet,599;
Roadster,HONDA,CB 600 F Hornet,599;
Roadster,HONDA,CB 600 F Hornet,599;
Routieres,HONDA,GL 1800 Gold Wing,1832;
Routieres,HONDA,GL 1800 Gold Wing,1832;
Routieres,HONDA,GL 1800 Gold Wing,1832;
Routieres,HONDA,GL 1800 Gold Wing,1832;
Roadster,TRIUMPH,Speed Triple 955i,955;
Routieres,HONDA,GL 1800 Gold Wing,1832;
Routieres,HONDA,GL 1800 Gold Wing,1832;
Routieres,HONDA,GL 1800 Gold Wing,1832;
Routieres,HONDA,GL 1800 Gold Wing,1832;
Routieres,HONDA,GL 1800 Gold Wing,1832;
Routieres,HONDA,GL1500 SE Gold Wing,1520;
Routieres,HONDA,GL1500 SE Gold Wing,1520;
Routieres,HONDA,VFR 1200 F Dual Clutch Transmission,1237;
Roadster,HONDA,CBF 600 N,599,3;
Roadster,HONDA,CBF 600 N,599,3;
Roadster,TRIUMPH,Speed Triple 955i,955;
Roadster,HONDA,CBF 600 N,599,3;
Roadster,HONDA,CBF 600 N,599,9;
Roadster,HONDA,CBF 600 N,599,9;
Roadster,HONDA,CBF 600 N,599,9;
Roadster,HONDA,CBF 600 N,599,9;
Roadster,TRIUMPH,Speed Triple 1050 Hinckley,1050;
Routieres,HONDA,GL 1800 Gold Wing,1832;
Roadster,TRIUMPH,Street Triple,675;
Roadster,TRIUMPH,Street Triple,675;
Customs,HARLEY-DAVIDSON,V-Rod Muscle,1250;
Roadster,TRIUMPH,Speed Triple 955i,955;
Customs,HARLEY-DAVIDSON,V-Rod 10th Anniversary Edition,1250;
Customs,HARLEY-DAVIDSON,V-Rod Night Rod Special,1250;
Customs,HARLEY-DAVIDSON,Sportster XR 1200 X,1202;
Customs,HARLEY-DAVIDSON,Sportster 1200 Nightster,1202;
Roadster,HONDA,CBF 600 S,599,3;
Roadster,HONDA,CBF 600 S,599,3;
Roadster,HONDA,CBF 600 S,599;
Roadster,HONDA,CBF 600 S,599,9;
Roadster,HONDA,CBF 600 S,599,9;
Roadster,HONDA,CBF 600 S,599,9;
Roadster,TRIUMPH,Speed Triple 955i,955;
Roadster,HONDA,CBF 600 S,599,9;
Customs,HARLEY-DAVIDSON,Softail Heritage Classic,1690;
Customs,HARLEY-DAVIDSON,Softail Fat Boy,1690;
Customs,HARLEY-DAVIDSON,Softail Fat Boy Special,1690;
Customs,HARLEY-DAVIDSON,Softail Deluxe,1690;
Customs,HARLEY-DAVIDSON,Softail Blackline,1584;
Trails,BMW,F 650 GS,652;
Roadster,BMW,R 1200 R,1170;
Roadster,BMW,R 1200 R Classic,1170;
Trails,HONDA,XL 1000 Varadero,996;
Roadster,KAWASAKI,Z750,750;
Roadster,TRIUMPH,Speed Triple 955i,955;
Customs,HONDA,VT 750 S,745;
Customs,HONDA,VT 1300 CX,1312;
Roadster,BMW,F 800 R,798;
Roadster,BMW,F 800 R,798;
Roadster,BMW,F 800 R,798;
Roadster,BMW,F 800 R,798;
Sportives,BMW,K 1300 S,1293;
Sportives,BMW,K 1300 S,1293;
Sportives,BMW,K 1300 S,1293;
Sportives,BMW,K 1300 S,1293;
,,,;
Sportives,BMW,S 1000 RR,999;
Sportives,BMW,S 1000 RR,999;
Sportives,BMW,S 1000 RR,999;
Roadster,BMW,K 1300 R,1293;
Routieres,BMW,K 1600 GT,1649;
Routieres,BMW,K 1600 GTL,1649;
Customs,HARLEY-DAVIDSON,Dyna Switchback,1691;
Customs,HARLEY-DAVIDSON,Dyna Street Bob,1584;
Customs,HARLEY-DAVIDSON,Dyna Super Glide Custom,1584;
Customs,HARLEY-DAVIDSON,Dyna Fat Bob,1584;
Roadster,TRIUMPH,Speed Triple 1050,1050;
Customs,HARLEY-DAVIDSON,Dyna Wide Glide,1584;
Customs,HARLEY-DAVIDSON,Touring Road King Classic,1690;
Customs,HARLEY-DAVIDSON,Touring Electra Glide Classic,1690;
Customs,HARLEY-DAVIDSON,Touring Ultra Classic Electra Glide,1690;
Customs,HARLEY-DAVIDSON,Touring Electra Glide Ultra Limited,1690;
Customs,HARLEY-DAVIDSON,Touring Street Glide,1690;
Customs,HARLEY-DAVIDSON,CVO Road Glide Custom,1802;
Customs,HARLEY-DAVIDSON,CVO Softail Convertible,1802;
Customs,HARLEY-DAVIDSON,CVO Street Glide,1802;
Customs,HARLEY-DAVIDSON,CVO Ultra Classic Electra Glide,1802;
Roadster,TRIUMPH,Speed Triple 1050,1050;
Customs,HARLEY-DAVIDSON,Sportster 883 N Iron,883;
Customs,HARLEY-DAVIDSON,Sportster 883 Roadster,883;
Customs,HARLEY-DAVIDSON,Sportster 1200 C Custom,1202;
Customs,HARLEY-DAVIDSON,Sportster Forty Eight,1202;
Customs,HARLEY-DAVIDSON,Sportster 883 L Superlow,883;
Roadster,KAWASAKI,Z1000,953;
Roadster,KAWASAKI,Z1000,953;
Roadster,KAWASAKI,Z1000,953;
Roadster,KAWASAKI,Z1000,953;
Roadster,KAWASAKI,Z1000,953;
Roadster,TRIUMPH,Speed Triple 1050,1050;
Roadster,KAWASAKI,Z1000,1043;
Roadster,KAWASAKI,Z750R,748;
Routieres,SUZUKI,Hayabusa,1298;
Routieres,SUZUKI,Hayabusa,1298;
Routieres,SUZUKI,Hayabusa,1298;
Routieres,SUZUKI,Hayabusa,1298;
Routieres,SUZUKI,Hayabusa,1298;
Routieres,SUZUKI,Hayabusa,1298;
Routieres,SUZUKI,Hayabusa,1298;
Routieres,SUZUKI,Hayabusa,1298;
Roadster,TRIUMPH,Speed Triple 1050,1050;
Routieres,SUZUKI,Hayabusa,1298;
Routieres,SUZUKI,Hayabusa,1340;
Routieres,SUZUKI,Hayabusa,1340;
Routieres,SUZUKI,Hayabusa,1340;
Sportives,SUZUKI,GSX-R 1000,1052;
Sportives,SUZUKI,GSX-R 1000,1052;
Sportives,SUZUKI,GSX-R 1000,1052;
Sportives,SUZUKI,GSX-R 1000,1052;
Sportives,SUZUKI,GSX-R 1000,1127;
Sportives,SUZUKI,GSX-R 1000,1127;
Roadster,TRIUMPH,Speed Triple 1050,1050;
Sportives,SUZUKI,GSX-R 1000,1127;
Sportives,SUZUKI,GSX-R 1000,1074;
Sportives,SUZUKI,GSX-R 1000,1127;
Sportives,SUZUKI,GSX-R 1000,1074;
Sportives,SUZUKI,GSX-R 1000,1074;
Sportives,SUZUKI,GSX-R 1000,1074;
Sportives,SUZUKI,GSX-R 1000,998;
Sportives,SUZUKI,GSX-R 1000,988;
Sportives,SUZUKI,GSX-R 1000,988;
Sportives,SUZUKI,GSX-R 1000,998;
Roadster,TRIUMPH,Speed Triple 1050,1050;
Sportives,SUZUKI,GSX-R 1000,998;
Sportives,SUZUKI,GSX-R 1000,998,60;
Sportives,SUZUKI,GSX-R 1000,999;
Sportives,SUZUKI,GSX-R 1000,999;
Sportives,SUZUKI,GSX-R 1000,999;
Sportives,SUZUKI,GSX-R 1000,999;
Sportives,SUZUKI,GSX-R 750,747;
Sportives,SUZUKI,GSX-R 750,749;
Sportives,SUZUKI,GSX-R 750	,749;
Sportives,SUZUKI,GSX-R 750,747;
Roadster,TRIUMPH,Speed Triple 1050,1050;
Sportives,SUZUKI,GSX-R 750,747;
Sportives,SUZUKI,GSX-R 750,748;
Sportives,SUZUKI,GSX-R 750,749;
Sportives,SUZUKI,GSX-R 750,749;
Sportives,SUZUKI,GSX-R 750,747;
Sportives,SUZUKI,GSX-R 750,749;
Sportives,SUZUKI,GSX-R 750,749;
Sportives,SUZUKI,GSX-R 750,749;
Sportives,SUZUKI,GSX-R 750,749;
Sportives,SUZUKI,GSX-R 750,749;
Roadster,TRIUMPH,Speed Four,599;
Sportives,SUZUKI,GSX-R 750,749;
Sportives,SUZUKI,GSX-R 750,749;
Sportives,SUZUKI,GSX-R 750,749;
Sportives,SUZUKI,GSX-R 750,749;
Sportives,SUZUKI,GSX-R 750,749;
Sportives,SUZUKI,GSX-R 750,749;
Sportives,SUZUKI,GSX-R 750,749;
Sportives,SUZUKI,GSX-R 750,749;
Sportives,SUZUKI,GSX-R 750,749;
Sportives,SUZUKI,GSX-R 750,749;
Customs,KAWASAKI,W800,800;
Roadster,TRIUMPH,Speed Four,599;
Sportives,SUZUKI,GSX-R 750,749;
Sportives,SUZUKI,GSX-R 750,749;
Sportives,SUZUKI,GSX-R 600,599;
Sportives,SUZUKI,GSX-R 600,599;
Sportives,SUZUKI,GSX-R 600,599;
Sportives,SUZUKI,GSX-R 600,599;
Sportives,SUZUKI,GSX-R 600,599;
Sportives,SUZUKI,GSX-R 600,599;
Sportives,SUZUKI,GSX-R 600,599;
Sportives,SUZUKI,GSX-R 600,599;
Roadster,TRIUMPH,Speed Four,599;
Sportives,SUZUKI,GSX-R 600,599;
Sportives,SUZUKI,GSX-R 600,599;
Sportives,SUZUKI,GSX-R 600,599;
Sportives,SUZUKI,GSX-R 600,599;
Sportives,SUZUKI,GSX-R 600,599;
Sportives,SUZUKI,GSX-R 600,599;
Sportives,HONDA,CBR 1000 RR Fireblade,999,8;
Sportives,YAMAHA,YZF R1 50Th anniversaire,998;
Roadster,MV-AGUSTA,Brutale 920,921;
Roadster,MV-AGUSTA,Brutale 1090 R,1078;
Roadster,TRIUMPH,Speed Four,599;
Sportives,MV-AGUSTA,F4 RR,998;
Sportives,MV-AGUSTA,F3,675;
Roadster,DUCATI,Streetfighter 848,849;
Roadster,KAWASAKI,Z750,748;
Routieres,KAWASAKI,Z1000SX,1043;
Trails,KAWASAKI,VERSYS,649;
Sportives,KAWASAKI,Ninja ZX-10R,998;
Sportives,KAWASAKI,Ninja 250 R,249;
Sportives,KAWASAKI,Ninja 250 R,249;
Routieres,KAWASAKI,ER-6F,649;
Roadster,SUZUKI,SV 650,645;
Roadster,KAWASAKI,ER-6N,649;
Routieres,KAWASAKI,ZZR 1400,1441;
Routieres,KAWASAKI,1400GTR,1352;
Customs,KAWASAKI,VN 900 Classic,903;
Customs,KAWASAKI,VN 900 Custom,903;
Choix,KAWASAKI,VN 1700 Classic Tourer,1700;
Choix,KAWASAKI,VN1700 Voyager,1700;
Roadster,KAWASAKI,ER-5,498;
Roadster,KAWASAKI,ER-5,498;
Roadster,KAWASAKI,ER-5,498;
Roadster,SUZUKI,SV 650,645;
Roadster,KAWASAKI,ZRX1200,1164;
Roadster,KAWASAKI,ZRX1200 R,1164;
Roadster,KAWASAKI,ZRX1200 R,1164;
Roadster,KAWASAKI,ZRX1200 R,1164;
Roadster,KAWASAKI,ZRX1200 S,1164;
Sportives,KAWASAKI,Ninja ZX-6R,636;
Sportives,KAWASAKI,Ninja ZX-6R,636;
Sportives,KAWASAKI,Ninja ZX-6R,599;
Sportives,KAWASAKI,Ninja ZX-6R,599;
Sportives,KAWASAKI,Ninja ZX-6R,599;
Roadster,SUZUKI,SV 650,645;
Sportives,KAWASAKI,Ninja ZX-6 RR,599;
Roadster,KAWASAKI,Z750,748;
Roadster,KAWASAKI,Z750,748;
Roadster,KAWASAKI,Z750,748;
Routieres,KAWASAKI,Z750 S,748;
Routieres,KAWASAKI,Z750 S,748;
Routieres,KAWASAKI,Z750,748;
Sportives,KAWASAKI,Ninja ZX-10R,998;
Sportives,KAWASAKI,Ninja ZX-10R,998;
Sportives,KAWASAKI,Ninja ZX-10R,998;
Roadster,SUZUKI,SV 650,645;
Sportives,KAWASAKI,Ninja ZX-10R,998;
Sportives,BMW,S 1000 RR,999;
Routieres,BMW,F 800 ST,798;
Trails,BMW,F 800 GS,798;
Sportives,BMW,K 1300 S,1293;
Routieres,BMW,R 1200 RT,1170;
Routieres,SUZUKI,GSX650F,656;
Routieres,SUZUKI,GSX650F,656;
Routieres,SUZUKI,GSX650F,656;
Roadster,SUZUKI,B-King,1340;
Roadster,SUZUKI,SV 650,645;
Roadster,SUZUKI,B-King,1340;
Roadster,SUZUKI,B-King,1340;
Roadster,SUZUKI,Bandit 650,656;
Roadster,SUZUKI,Bandit 650,656;
Roadster,SUZUKI,Bandit 650,656;
Roadster,SUZUKI,Bandit 650,656;
Routieres,SUZUKI,Bandit 650S,656;
Routieres,SUZUKI,Bandit 650S,656;
Routieres,SUZUKI,Bandit 650S,656;
Routieres,SUZUKI,Bandit 650S,656;
Roadster,SUZUKI,SV 650,645;
Roadster,SUZUKI,B-King,1340;
Roadster,SUZUKI,Gladius,645;
Roadster,SUZUKI,Gladius,645;
Routieres,SUZUKI,Bandit 1250S,1255;
Routieres,SUZUKI,Bandit 1250S,1255;
Routieres,SUZUKI,Bandit 1250S,1255;
Routieres,SUZUKI,Bandit 1250S,1255;
Sportives,KAWASAKI,Ninja ZX-10R,998;
Sportives,KAWASAKI,Ninja ZX-10R,998;
Sportives,KAWASAKI,Ninja ZX-6 RR,599;
Roadster,SUZUKI,SV 650,645;
Trails,YAMAHA,TDM 900,897;
Trails,YAMAHA,TDM 900,897;
Trails,YAMAHA,TDM 900,897;
Trails,YAMAHA,TDM 900,897;
Trails,YAMAHA,TDM 900,897;
Trails,YAMAHA,TDM 900,897;
Trails,YAMAHA,XT 660 R,659;
Trails,YAMAHA,XT 660 R,659;
Trails,YAMAHA,XT 660 R,659;
Trails,YAMAHA,XT 660 R,659;
Customs,KAWASAKI,VN1700 Voyager Custom,1700;
Roadster,SUZUKI,SVS 650,645;
Trails,YAMAHA,XT 660 R,659;
Trails,YAMAHA,XT 660 R,660;
Trails,YAMAHA,XT 660 R,660;
Trails,YAMAHA,XT 660 R,660;
Roadster,YAMAHA,XJR 1300,1251;
Roadster,YAMAHA,XJR 1300,1251;
Roadster,YAMAHA,XJR 1300,1251;
Roadster,YAMAHA,XJR 1300,1251;
Roadster,YAMAHA,XJR 1300,1251;
Roadster,YAMAHA,XJR 1300,1251;
Roadster,SUZUKI,SVS 650,645;
Roadster,YAMAHA,XJR 1300,1251;
Roadster,YAMAHA,XJR 1300,1251;
Routieres,YAMAHA,Fazer 8,779;
Roadster,YAMAHA,FZ1,998;
Routieres,YAMAHA,FZ1 Fazer,998;
Roadster,YAMAHA,FZ8,779;
Roadster,YAMAHA,MT-01,1670;
Roadster,YAMAHA,MT-03,660;
Roadster,YAMAHA,XJ6,600;
Routieres,YAMAHA,XJ6 Diversion,600;
Roadster,SUZUKI,SVS 650,645;
Routieres,YAMAHA,XJ6 Diversion F,600;
Customs,YAMAHA,XV1900A Midnight Star,1854;
Customs,YAMAHA,XVS1300A Midnight Star,1304;
Customs,YAMAHA,XVS950A Midnight Star,942;
Roadster,YAMAHA,XJR 1300,1251;
Trails,YAMAHA,XT 1200 Z Super Tenere,1199;
Sportives,YAMAHA,YZF R6,599;
Sportives,YAMAHA,YZF R1,998;
Roadster,HONDA,CB 600 F Hornet,599;
Roadster,HONDA,CB 1000 R,998;
Roadster,SUZUKI,SVS 650,645;
Sportives,HONDA,CBR 600 RR,599;
Trails,HONDA,Crossrunner,782;
Roadster,HONDA,NC700 S,670;
Roadster,HONDA,CBF 1000 ABS,998;
Trails,HONDA,Crosstourer,1237;
Trails,HONDA,NC700 X,670;
Routieres,HONDA,VFR 1200 F,1237;
Routieres,HONDA,VFR 1200 F Dual Clutch Transmission,1237;
Customs,HONDA,VT750 C2B Shadow,745;
Trails,SUZUKI,V Strom 650,645;
Roadster,SUZUKI,SVS 650,645;
Roadster,KTM,200 Duke,199,5;
Roadster,KTM,690 Duke,690;
Roadster,KTM,990 Super Duke R,999;
Sportives,KTM,1190 RC8 R,1195;
Routieres,SUZUKI,Bandit 1250S,1255;
Roadster,SUZUKI,Gladius,645;
Roadster,SUZUKI,GSR 750,749;
Roadster,SUZUKI,GSX650F,656;
Sportives,SUZUKI,GSX-R 600,599,4;
Sportives,SUZUKI,GSX-R 750,749,1;
Roadster,SUZUKI,SVS 650,645;
Customs,SUZUKI,Intruder C 800,805;
Customs,SUZUKI,Intruder M 800,805;
Sportives,SUZUKI,GSX-R 1000,999;
Routieres,SUZUKI,GSX1250FA,1255;
Routieres,SUZUKI,GSX 1250 ST,1255;
Routieres,SUZUKI,Hayabusa,1340;
Roadster,SUZUKI,Inazuma 250,248;
Trails,DUCATI,Hypermotard 796,803;
Trails,DUCATI,Hypermotard 1100 EVO,1078;
Trails,DUCATI,Hypermotard 1100 EVO SP,1078;
Roadster,SUZUKI,SVS 650,645;
Roadster,DUCATI,Monster 696,696;
Roadster,DUCATI,Monster 796,803;
Roadster,DUCATI,Monster 1100 EVO,1078;
Roadster,DUCATI,Streetfighter S,1099;
Trails,DUCATI,Multistrada 1200,1198,4;
Trails,DUCATI,Multistrada 1200 S Sport,1198,4;
Trails,DUCATI,Multistrada S 1200 Touring,1198,4;
Trails,DUCATI,Multistrada 1200 S Pikes Peak,1198,4;
Sportives,DUCATI,848 EVO,849,4;
Sportives,DUCATI,848 EVO Corse SE,849,4;
Roadster,SUZUKI,SVS 650,645;
Customs,DUCATI,Diavel,1198,4;
Customs,DUCATI,Diavel Cromo,1198,4;
Customs,DUCATI,Diavel Carbon,1198,4;
Customs,DUCATI,Diavel AMG,1198,4;
Sportives,DUCATI,Panigale S,1198,4;
Sportives,DUCATI,Panigale S Tricolore,1198,4;
Roadster,BMW,K 1300 R,1293;
Customs,TRIUMPH,America,865;
Trails,TRIUMPH,Tiger 800,800;
Trails,TRIUMPH,Tiger 800 XC,800;
Sportives,TRIUMPH,Sprint RS,955;
Sportives,TRIUMPH,Daytona 675,675;
Sportives,TRIUMPH,Daytona 675R,675;
Roadster,TRIUMPH,Speed Triple 1050,1050;
Roadster,TRIUMPH,Speed Triple 1050 R,1050;
Roadster,DUCATI,Monster 696,696;
Roadster,DUCATI,Monster 796,803;
Roadster,DUCATI,Monster 1100,1078;
Roadster,DUCATI,Monster 1100 S,1078;
Roadster,DUCATI,Streetfighter,1099;
Roadster,DUCATI,Streetfighter S,1099;
Sportives,TRIUMPH,Sprint RS,955;
Sportives,DUCATI,848,849,4;
Sportives,DUCATI,Superbike 1198,1198,4;
Sportives,DUCATI,Superbike 1198 S,1198,4;
Choix,KAWASAKI,Ninja ZX-12 R,1199;
Roadster,KAWASAKI,ER-6F,649;
Roadster,KAWASAKI,ER-6N,649;
Customs,KAWASAKI,VN 1700 Classic,1700;
Customs,KAWASAKI,VN1700 Voyager Custom,1700;
Trails,KAWASAKI,VERSYS 1000,1043;
Trails,TRIUMPH,Tiger Explorer,1215;
Cross et Enduro,KAWASAKI,KX250F,250;
Sportives,TRIUMPH,Sprint RS,955;
Trails,TRIUMPH,Tiger 1050,1050;
Trails,TRIUMPH,Tiger 1050 SE,1050;
Customs,TRIUMPH,Bonneville,865;
Customs,TRIUMPH,Bonneville SE,865;
Sportives,TRIUMPH,Daytona 675,675;
Customs,TRIUMPH,ROCKET III ROADSTER,2294;
Customs,TRIUMPH,ROCKET III TOURING,2294;
Roadster,TRIUMPH,Street Triple,675;
Roadster,TRIUMPH,Street Triple R,675;
Customs,TRIUMPH,Speedmaster,865;
Sportives,TRIUMPH,Sprint RS,955;
Customs,TRIUMPH,Thruxton,865;
Customs,TRIUMPH,Thunderbird,1597;
Trails,TRIUMPH,Tiger 1050,1050;
Trails,TRIUMPH,Tiger 1050 SE,1050;
Customs,TRIUMPH,America,865;
Customs,TRIUMPH,Bonneville,865;
Customs,TRIUMPH,Bonneville SE,865;
Customs,TRIUMPH,Bonneville T100,865;
Customs,TRIUMPH,Bonneville T100 50ème anniversaire,865;
Customs,TRIUMPH,ROCKET III,2294;
Sportives,TRIUMPH,Sprint RS,955;
Customs,TRIUMPH,ROCKET III TOURING,2294;
Customs,TRIUMPH,ROCKET III CLASSIC,2294;
Trails,TRIUMPH,Tiger 1050,1050;
Trails,TRIUMPH,Tiger 1050 SE,1050;
Customs,TRIUMPH,Scrambler,865;
Customs,TRIUMPH,Speedmaster,865;
Customs,TRIUMPH,Thruxton,865;
Customs,TRIUMPH,Thunderbird,1599;
Roadster,TRIUMPH,Street Triple,675;
Roadster,TRIUMPH,Street Triple R,675;
Roadster,DUCATI,Monster 696,696;
Sportives,TRIUMPH,Daytona 675,675;
Customs,TRIUMPH,America,865;
Customs,TRIUMPH,Bonneville T100,865;
Sportives,TRIUMPH,Daytona 675,675;
Sportives,TRIUMPH,Daytona 675 SE,675;
Customs,TRIUMPH,ROCKET III,2294;
Customs,TRIUMPH,ROCKET III CLASSIC,2294;
Customs,TRIUMPH,ROCKET III TOURING,2294;
Customs,TRIUMPH,Scrambler,865;
Customs,TRIUMPH,Thruxton,865;
Roadster,DUCATI,Monster 796,803;
Trails,TRIUMPH,Tiger 1050,1050;
Roadster,TRIUMPH,Street Triple,675;
Roadster,KTM,690 Duke,654;
Roadster,KTM,690 Duke,654;
Roadster,KTM,690 Duke,654;
Roadster,KTM,690 Duke R,690,5;
Roadster,KTM,990 Super Duke,999,7;
Roadster,KTM,990 Super Duke,999,7;
Roadster,KTM,990 Super Duke,999,7;
Roadster,KTM,990 Super Duke,999,7;
Roadster,DUCATI,Monster 1100 EVO,1078;
Roadster,KTM,990 Super Duke,999,7;
Roadster,KTM,990 Super Duke R,999;
Trails,KTM,950 Supermoto,942;
Trails,KTM,950 Supermoto,942;
Trails,KTM,950 Supermoto,942;
Trails,KTM,990 Supermoto,999;
Trails,KTM,990 Supermoto R,999;
Trails,KTM,990 Supermoto R,999;
Trails,KTM,990 Supermoto R,999;
Trails,KTM,950 Adventure,942,3;
Sportives,TRIUMPH,Sprint ST,955;
Trails,KTM,950 Adventure,942,3;
Trails,KTM,950 Adventure,942,3;
Trails,KTM,990 Adventure,999;
Trails,KTM,990 Adventure,999;
Trails,KTM,990 Adventure,999;
Trails,KTM,990 Adventure,999;
Sportives,KTM,1190 RC8,1148;
Sportives,KTM,1190 RC8,1148;
Sportives,KTM,1190 RC8,1148;
Sportives,KTM,1190 RC8 R,1195;
Sportives,TRIUMPH,Sprint ST,955;
Sportives,KTM,1190 RC8 R,1195;
Sportives,YAMAHA,YZF R6,599;
Sportives,YAMAHA,YZF R6,599;
Sportives,YAMAHA,YZF R6,599;
Sportives,YAMAHA,YZF R6,599;
Sportives,YAMAHA,YZF R1,998;
Sportives,YAMAHA,YZF R1,998;
Sportives,YAMAHA,YZF R1,998;
Sportives,YAMAHA,YZF R1,998;
Sportives,YAMAHA,YZF R1,998;
Sportives,TRIUMPH,Sprint ST,955;
Roadster,DUCATI,Monster Diesel,1078;
Trails,DUCATI,Hypermotard 796,803;
Trails,DUCATI,Hypermotard 1100 EVO,1078;
Trails,DUCATI,Hypermotard 1100 EVO SP,1078;
Routieres,DUCATI,Sportclassic GT 1000,992;
Routieres,DUCATI,Sportclassic GT 1000,992;
Routieres,DUCATI,Sportclassic GT 1000,992;
Sportives,DUCATI,848,849,4;
Sportives,DUCATI,848,849,4;
Roadster,DUCATI,Monster 696,696;
Sportives,TRIUMPH,Sprint ST,955;
Roadster,DUCATI,Monster 696,696;
Trails,DUCATI,Hypermotard 1100,1078;
Trails,DUCATI,Hypermotard 1100,1078;
Trails,DUCATI,Hypermotard 1100 S,1078;
Trails,DUCATI,Hypermotard 1100 S,1078;
Trails,DUCATI,Multistrada 1100 S,1078;
Trails,DUCATI,Multistrada 1100 S,1078;
Customs,HONDA,VT 600 C Shadow,583;
Customs,HONDA,VT 600 C Shadow,583;
Customs,HONDA,VT 600 C Shadow,583;
Cross et Enduro,KAWASAKI,KX450F,450;
Customs,DUCATI,Diavel,1198;
Customs,HONDA,VT 600 C Shadow,583;
Customs,HONDA,VT 600 C Shadow,583;
Customs,HONDA,VT 600 C Shadow,583;
Customs,HONDA,VT 600 C Shadow,583;
Customs,HONDA,VT 600 C Shadow,583;
Sportives,DUCATI,Superbike 1098,1099;
Sportives,DUCATI,Superbike 1098 S,1099;
Sportives,DUCATI,Superbike 1098 R,1198,4;
Sportives,DUCATI,Superbike 1098 R,1198,4;
Sportives,DUCATI,Superbike 1198,1198,4;
Trails,DUCATI,Hypermotard 796,803;
Sportives,DUCATI,Superbike 1198 S,1198,4;
Sportives,DUCATI,Superbike 1198 S Corse SE,1198,4;
Sportives,DUCATI,Superbike 1198 S,1198,4;
Roadster,DUCATI,Monster 1100,1078;
Roadster,DUCATI,Monster 1100 S,1078;
Roadster,DUCATI,Monster 695,695;
Roadster,DUCATI,Monster S2R 1000,992;
Roadster,DUCATI,Monster S4R Testastretta,998;
Roadster,DUCATI,Monster S4R S Testastretta,998;
Roadster,DUCATI,Monster S4R S Tricolore,998;
Trails,DUCATI,Hypermotard 1100 EVO,1078;
Roadster,DUCATI,Streetfighter,1099;
Roadster,DUCATI,Streetfighter S,1099;
Trails,DUCATI,Multistrada 1100,1078;
Sportives,DUCATI,Desmosedici RR,989;
Routieres,DUCATI,Sportclassic Sport 1000 Biposto,992;
Routieres,DUCATI,Sportclassic Sport 1000 S,992;
Routieres,DUCATI,Sportclassic Sport 1000 S,992;
Trails,KAWASAKI,KLV 1000,996;
Customs,KAWASAKI,W650,675;
Customs,KAWASAKI,VN 2000,2053;
Trails,DUCATI,Hypermotard 1100 EVO SP,1078;
Customs,KAWASAKI,VN 1500 Classic Tourer,1470;
Trails,KAWASAKI,KLE 500,498;
Trails,KAWASAKI,KLE 500,498;
Trails,KAWASAKI,VERSYS,649;
Trails,KAWASAKI,VERSYS,649;
Trails,KAWASAKI,VERSYS,649;
Roadster,KAWASAKI,ER-6F,649;
Roadster,KAWASAKI,ER-6F,649;
Roadster,KAWASAKI,ER-6N,649;
Roadster,KAWASAKI,ER-6N,649;
Roadster,DUCATI,Streetfighter,1099;
Roadster,KAWASAKI,Z750,748;
Roadster,KAWASAKI,Z750,748;
Roadster,KAWASAKI,Z1000,953;
Sportives,KAWASAKI,Ninja ZX-6R,599;
Roadster,SUZUKI,GSR 600,599,4;
Roadster,SUZUKI,GSR 600,599,4;
Roadster,SUZUKI,GSR 600,599,4;
Roadster,SUZUKI,Bandit 1250,1255;
Roadster,SUZUKI,Bandit 1250,1255;
Roadster,SUZUKI,Bandit 1250,1255;
Roadster,DUCATI,Streetfighter S,1099;
Roadster,SUZUKI,Bandit 1250,1255;
Roadster,YAMAHA,V-max,1679;
Roadster,YAMAHA,V-max,1679;
Customs,KAWASAKI,VN 1600 Mean Streak,1552;
Customs,KAWASAKI,VN 1600 Mean Streak,1552;
Customs,KAWASAKI,VN 1600 Mean Streak,1552;
Customs,KAWASAKI,VN 1600 Mean Streak,1552;
Customs,KAWASAKI,VN 1600 Classic,1552;
Customs,KAWASAKI,VN 1600 Classic,1552;
Customs,KAWASAKI,VN 1600 Classic,1552;
Trails,DUCATI,Multistrada 1200,1198;
Customs,KAWASAKI,VN 1600 Classic,1552;
Customs,KAWASAKI,VN 1600 Classic Tourer,1552;
Customs,KAWASAKI,VN 1600 Classic Tourer,1552;
Customs,KAWASAKI,VN 1600 Classic Tourer,1552;
Sportives,HONDA,NR 750,747,3;
Sportives,HONDA,CBR 600 F Sport,599;
Sportives,HONDA,CBR 600 F Sport,599;
Sportives,HONDA,CBR 600 F,599;
Routieres,HONDA,CBR 1000 F,998;
Routieres,HONDA,CBR 1000 F,998;
Trails,DUCATI,Multistrada 1200 S Sport,1198;
Routieres,HONDA,CBR 1000 F,998;
Routieres,HONDA,CBR 1000 F,998;
Sportives,HONDA,CBR 1100 XX Super Blackbird,1137;
Sportives,HONDA,CBR 1100 XX Super Blackbird,1137;
Sportives,HONDA,CBR 1100 XX Super Blackbird,1137;
Sportives,HONDA,CBR 1100 XX Super Blackbird,1137;
Sportives,HONDA,CBR 1100 XX Super Blackbird,1137;
Sportives,HONDA,CBR 1100 XX Super Blackbird,1137;
Sportives,HONDA,CBR 1100 XX Super Blackbird,1137;
Sportives,HONDA,CBR 1100 XX Super Blackbird,1137;
Trails,DUCATI,Multistrada S 1200 Touring,1198;
Sportives,HONDA,CBR 1100 XX Super Blackbird,1137;
Sportives,HONDA,CBR 1100 XX Super Blackbird,1137;
Sportives,HONDA,CBR 1100 XX Super Blackbird,1137;
Routieres,HONDA,VFR,748;
Routieres,HONDA,VFR,748;
Routieres,HONDA,VFR,748;
Routieres,HONDA,VFR,781;
Routieres,HONDA,VFR,782;
Routieres,HONDA,VFR,782;
Routieres,HONDA,ST 1300 Pan European,1261;
Trails,DUCATI,Multistrada 1200 S Pikes Peak,1198;
Routieres,HONDA,ST 1300 Pan European,1261;
Routieres,HONDA,ST 1300 Pan European,1261;
Routieres,HONDA,ST 1300 Pan European,1261;
Routieres,HONDA,ST 1300 Pan European,1261;
Routieres,HONDA,ST 1300 Pan European,1261;
Routieres,HONDA,ST 1300 Pan European,1261;
Routieres,HONDA,ST 1300 Pan European,1261;
Routieres,HONDA,ST 1300 Pan European,1261;
Roadster,HONDA,CB 750 Seven Fifty,747,4;
Roadster,HONDA,CB 750 Seven Fifty,747,4;
Routieres,KAWASAKI,1400GTR,1400;
Sportives,DUCATI,848 EVO,849;
Roadster,HONDA,CB 750 Seven Fifty,747,4;
Roadster,HONDA,CB 750 Seven Fifty,747,4;
Roadster,HONDA,CB 750 Seven Fifty,747,4;
Roadster,HONDA,CB 750 Seven Fifty,747,4;
Roadster,HONDA,CB 750 Seven Fifty,747,4;
Roadster,HONDA,CB 750 Seven Fifty,747,4;
Roadster,HONDA,X11 (Eleven),1137;
Roadster,HONDA,X11 (Eleven),1137;
Roadster,HONDA,X11 (Eleven),1137;
Roadster,HONDA,X11 (Eleven),1137;
Sportives,DUCATI,Superbike 1198,1198;
Trails,HONDA,XRV 750 Africa Twin,742;
Trails,HONDA,XRV 750 Africa Twin,742;
Trails,HONDA,XRV 750 Africa Twin,742;
Trails,HONDA,XRV 750 Africa Twin,742;
Trails,HONDA,XRV 750 Africa Twin,742;
Trails,HONDA,XRV 750 Africa Twin,742;
Trails,HONDA,XRV 750 Africa Twin,742;
Trails,HONDA,XRV 750 Africa Twin,742;
Routieres,HONDA,CB 600 S Hornet,600;
Routieres,HONDA,CB 600 S Hornet,600;
Sportives,DUCATI,Superbike 1198 SP,1198;
Routieres,HONDA,CB 600 S Hornet,600;
Routieres,HONDA,CB 600 S Hornet,600;
Routieres,HONDA,CB 500 S,499;
Routieres,HONDA,CB 500 S,499;
Routieres,HONDA,CB 500 S,499;
Routieres,HONDA,CB 500 S,499;
Routieres,HONDA,CB 500 S,499;
Routieres,HONDA,CB 500 S,499;
Roadster,HONDA,CB 1300 S,1284;
Roadster,HONDA,CB 1300 S,1284;
Sportives,TRIUMPH,Sprint ST,955;
Roadster,HONDA,CB 1300 S,1284;
Roadster,HONDA,CB 1300 S,1284;
Roadster,HONDA,CB 1300 S,1284;
Roadster,HONDA,CB 500,499;
Roadster,HONDA,CB 500,499;
Roadster,HONDA,CB 500,499;
Roadster,HONDA,CB 500,499;
Roadster,HONDA,CB 500,499;
Roadster,HONDA,CB 500,499;
Roadster,HONDA,CB 500,499;
Sportives,TRIUMPH,Speed Triple 955i,955;
Roadster,HONDA,CBF 500,499;
Roadster,HONDA,CBF 500,499;
Roadster,HONDA,CBF 500,499;
Roadster,HONDA,CBF 500,499;
Roadster,HONDA,CBF 1000 ABS,998;
Roadster,HONDA,CBF 1000 ABS,998;
Roadster,HONDA,CBF 1000 ABS,998;
Roadster,HONDA,CBF 1000 ABS,998;
Roadster,HONDA,CBF 1000 ABS,998;
Trails,HONDA,XL 600 V Transalp,583;
Sportives,TRIUMPH,Sprint ST,1050;
Trails,HONDA,XL 600 V Transalp,583;
Trails,HONDA,XL 600 V Transalp,583;
Trails,HONDA,XL 600 V Transalp,583;
Trails,HONDA,NX 650 Dominator,644;
Trails,HONDA,NX 650 Dominator,644;
Trails,HONDA,NX 650 Dominator,644;
Trails,HONDA,NX 650 Dominator,644;
Trails,HONDA,NX 650 Dominator,644;
Trails,HONDA,NX 650 Dominator,644;
Trails,HONDA,NX 650 Dominator,644;
Sportives,TRIUMPH,Sprint ST,1050;
Trails,HONDA,NX 650 Dominator,644;
Sportives,KAWASAKI,Ninja ZX-10R,998;
Roadster,MV-AGUSTA,Brutale 920,921;
Roadster,MV-AGUSTA,Brutale 1090 R,1078;
Roadster,MV-AGUSTA,Brutale 1090 RR,1078;
Roadster,MV-AGUSTA,Brutale 990 R,998;
Roadster,MV-AGUSTA,Brutale 1090 RR,1078;
Sportives,MV-AGUSTA,F4 R,998;
Sportives,MV-AGUSTA,F4 RR,998;
Sportives,MV-AGUSTA,F3 675,675;
Sportives,TRIUMPH,Sprint ST,1050;
Roadster,MV-AGUSTA,Brutale 675,675;
Customs,HARLEY-DAVIDSON,CVO Road Glide Custom,1802;
Customs,HARLEY-DAVIDSON,CVO Ultra Classic Electra Glide,1802;
Customs,HARLEY-DAVIDSON,CVO Breakout,1802;
Customs,HARLEY-DAVIDSON,CVO Road King,1802;
Customs,HARLEY-DAVIDSON,Dyna Switchback,1690;
Customs,HARLEY-DAVIDSON,Dyna Street Bob,1584;
Customs,HARLEY-DAVIDSON,Dyna Fat Bob,1690;
Customs,HARLEY-DAVIDSON,Dyna Super Glide Custom,1584;
Customs,HARLEY-DAVIDSON,Dyna Wide Glide,1690;
Sportives,TRIUMPH,Sprint ST,1050;
Customs,HARLEY-DAVIDSON,Softail Heritage Classic,1690;
Customs,HARLEY-DAVIDSON,Softail Fat Boy,1690;
Customs,HARLEY-DAVIDSON,Softail Fat Boy Special,1690;
Customs,HARLEY-DAVIDSON,Softail Deluxe,1690;
Customs,HARLEY-DAVIDSON,Softail Blackline,1584;
Sportives,KAWASAKI,Ninja 300,296;
Roadster,KAWASAKI,Z800,806;
Customs,HARLEY-DAVIDSON,Softail Slim,1690;
Customs,HARLEY-DAVIDSON,V-Rod Night Rod Special,1250;
Customs,HARLEY-DAVIDSON,V-Rod Muscle,1250;
Sportives,TRIUMPH,Sprint ST,1050;
Customs,HARLEY-DAVIDSON,Sportster 883 L Superlow,883;
Customs,HARLEY-DAVIDSON,Sportster 883 N Iron,883;
Customs,HARLEY-DAVIDSON,Sportster 883 Roadster,883;
Customs,HARLEY-DAVIDSON,Sportster Forty Eight,1202;
Sportives,KAWASAKI,Ninja ZX-6R,636;
Customs,HARLEY-DAVIDSON,Sportster 1200 C Custom,1202;
Customs,HARLEY-DAVIDSON,Sportster 1200 CA Custom Limited,1202;
Customs,HARLEY-DAVIDSON,Sportster 1200 CB Custom Limited,1202;
Customs,HARLEY-DAVIDSON,Sportster 1200 V Seventy-Two,1202;
Customs,HARLEY-DAVIDSON,Touring Electra Glide Ultra Limited,1690;
